<?xml version="1.0"?>
<!--<!DOCTYPE metadata SYSTEM "http://www.esri.com/metadata/esriprof80.dtd">-->
<metadata xml:lang="zh"><Esri><MetaID>{DD6CBBCD-1EEB-4BC7-9172-DE6A75508359}</MetaID><CreaDate>20120510</CreaDate><CreaTime>18544400</CreaTime><SyncOnce>TRUE</SyncOnce><DataProperties><lineage><Process ToolSource="D:\ArcGIS\ArcToolbox\Toolboxes\Data Management Tools.tbx\CopyFeatures" Date="20120510" Time="185444">CopyFeatures beijing-乡镇界_region G:\gis\北京市道路街道区县shape(reproject)\beijing乡镇界_region_ClustersO.shp # 0 0 0</Process><Process ToolSource="D:\ArcGIS\ArcToolbox\Toolboxes\Data Management Tools.tbx\AddField" Date="20120510" Time="185449">AddField G:\gis\北京市道路街道区县shape(reproject)\beijing乡镇界_region_ClustersO.shp LMiIndex FLOAT # # # "LMiIndex Contiguity" NON_NULLABLE NON_REQUIRED # G:\gis\北京市道路街道区县shape(reproject)\beijing乡镇界_region_ClustersO.shp</Process><Process ToolSource="D:\ArcGIS\ArcToolbox\Toolboxes\Data Management Tools.tbx\AddField" Date="20120510" Time="185449">AddField G:\gis\北京市道路街道区县shape(reproject)\beijing乡镇界_region_ClustersO.shp LMiZScore FLOAT # # # "LMiZScore Contiguity" NON_NULLABLE NON_REQUIRED # G:\gis\北京市道路街道区县shape(reproject)\beijing乡镇界_region_ClustersO.shp</Process><Process ToolSource="D:\ArcGIS\ArcToolbox\Toolboxes\Data Management Tools.tbx\AddField" Date="20120510" Time="185449">AddField G:\gis\北京市道路街道区县shape(reproject)\beijing乡镇界_region_ClustersO.shp LMiPValue FLOAT # # # "LMiPValue Contiguity" NON_NULLABLE NON_REQUIRED # G:\gis\北京市道路街道区县shape(reproject)\beijing乡镇界_region_ClustersO.shp</Process><Process ToolSource="D:\ArcGIS\ArcToolbox\Toolboxes\Data Management Tools.tbx\AddField" Date="20120510" Time="185449">AddField G:\gis\北京市道路街道区县shape(reproject)\beijing乡镇界_region_ClustersO.shp COType TEXT # # # "COType Contiguity" NON_NULLABLE NON_REQUIRED # G:\gis\北京市道路街道区县shape(reproject)\beijing乡镇界_region_ClustersO.shp</Process><Process ToolSource="D:\ArcGIS\ArcToolbox\Toolboxes\Spatial Statistics Tools.tbx\ClustersOutliers" Date="20120510" Time="185450">ClustersOutliers beijing-乡镇界_region Sheet1$.2000会计 G:\gis\北京市道路街道区县shape(reproject)\beijing乡镇界_region_ClustersO.shp "Polygon Contiguity (First Order)" "Euclidean Distance" None # # LMiIndex LMiZScore LMiPValue COType</Process></lineage></DataProperties></Esri></metadata>
