<?xml version="1.0"?>
<!--<!DOCTYPE metadata SYSTEM "http://www.esri.com/metadata/esriprof80.dtd">-->
<metadata xml:lang="zh"><Esri><CreaDate>20160304</CreaDate><CreaTime>11184500</CreaTime><SyncOnce>TRUE</SyncOnce><DataProperties><lineage><Process ToolSource="C:\Program Files\ArcGIS\ArcToolbox\Toolboxes\Data Management Tools.tbx\DefineProjection" Date="20140408" Time="062811">DefineProjection "G:\复件 送审数据\DATA网北京地方坐标\DATA网数据定义坐标\DATA网交通委-轨道交通线路.shp" GEOGCS['GCS_WGS_1984',DATUM['D_WGS_1984',SPHEROID['WGS_1984',6378137.0,298.257223563]],PRIMEM['Greenwich',0.0],UNIT['Degree',0.0174532925199433]] "G:\复件 送审数据\DATA网北京地方坐标\DATA网数据定义坐标\DATA网交通委-轨道交通线路.shp"</Process><Process ToolSource="C:\Program Files (x86)\ArcGIS\ArcToolbox\Toolboxes\Data Management Tools.tbx\Project" Date="20160304" Time="111845">Project data网交通委-轨道交通线路11 "H:\送审数据\处理hou20140702\复件 送审数据-wgs84\data网数据\data网交通委-轨道交通线路11_Project.shp" PROJCS['WGS_1984_Web_Mercator',GEOGCS['GCS_WGS_1984_Major_Auxiliary_Sphere',DATUM['D_WGS_1984_Major_Auxiliary_Sphere',SPHEROID['WGS_1984_Major_Auxiliary_Sphere',6378137.0,0.0]],PRIMEM['Greenwich',0.0],UNIT['Degree',0.0174532925199433]],PROJECTION['Mercator'],PARAMETER['False_Easting',0.0],PARAMETER['False_Northing',0.0],PARAMETER['Central_Meridian',0.0],PARAMETER['Standard_Parallel_1',0.0],UNIT['Meter',1.0]] WGS_1984_Major_Auxiliary_Sphere_To_WGS_1984 GEOGCS['GCS_WGS_1984',DATUM['D_WGS_1984',SPHEROID['WGS_1984',6378137.0,298.257223563]],PRIMEM['Greenwich',0.0],UNIT['Degree',0.0174532925199433]]</Process></lineage></DataProperties><MetaID>{80096649-A869-4EC6-AB2F-DA3D4B42FFB1}</MetaID></Esri><idinfo><citation><citeinfo><onlink Sync="TRUE"></onlink></citeinfo></citation></idinfo><distInfo><distributor><distorTran><onLineSrc><linkage Sync="TRUE">file://</linkage><protocol Sync="TRUE">Local Area Network</protocol></onLineSrc></distorTran></distributor></distInfo><dataqual><lineage><procstep><procdesc Sync="TRUE">Dataset copied.</procdesc><srcused Sync="TRUE"></srcused><procdate Sync="TRUE">20140619</procdate><proctime Sync="TRUE">14343200</proctime></procstep><procstep><procdesc Sync="TRUE">Dataset copied.</procdesc><srcused Sync="TRUE"></srcused><procdate Sync="TRUE">20160304</procdate><proctime Sync="TRUE">11184500</proctime></procstep></lineage></dataqual></metadata>
